,school,sex,age,address,famsize,Pstatus,Medu,Fedu,Mjob,Fjob,reason,guardian,traveltime,studytime,failures,schoolsup,famsup,paid,activities,nursery,higher,internet,romantic,famrel,freetime,goout,Dalc,Walc,health,absences,final_grade
0,GP,F,18,U,GT3,A,4,4,at_home,teacher,course,mother,2,2,0,1,0,0,0,1,1,0,0,4,3,4,1,1,3,6,5.666666666666667
1,GP,F,17,U,GT3,T,1,1,at_home,other,course,father,1,2,0,0,1,0,0,0,1,1,0,5,3,3,1,1,3,4,5.333333333333333
2,GP,F,15,U,LE3,T,1,1,at_home,other,other,mother,1,2,3,1,0,1,0,1,1,1,0,4,3,2,2,3,3,10,8.333333333333334
3,GP,F,15,U,GT3,T,4,2,health,services,home,mother,1,3,0,0,1,1,1,1,1,1,1,3,2,2,1,1,5,2,14.666666666666666
4,GP,F,16,U,GT3,T,3,3,other,other,home,father,1,2,0,0,1,1,0,1,1,0,0,4,3,2,1,2,5,4,8.666666666666666
5,GP,M,16,U,LE3,T,4,3,services,other,reputation,mother,1,2,0,0,1,1,1,1,1,1,0,5,4,2,1,2,5,10,15.0
6,GP,M,16,U,LE3,T,2,2,other,other,home,mother,1,2,0,0,0,0,0,1,1,1,0,4,4,4,1,1,3,0,11.666666666666666
7,GP,F,17,U,GT3,A,4,4,other,teacher,home,mother,2,2,0,1,1,0,0,1,1,0,0,4,1,4,1,1,1,6,5.666666666666667
8,GP,M,15,U,LE3,A,3,2,services,other,home,mother,1,2,0,0,1,1,0,1,1,1,0,4,2,2,1,1,1,0,17.666666666666668
9,GP,M,15,U,GT3,T,3,4,other,other,home,mother,1,2,0,0,1,1,1,1,1,1,0,5,5,1,1,1,5,0,14.666666666666666
10,GP,F,15,U,GT3,T,4,4,teacher,health,reputation,mother,1,2,0,0,1,1,0,1,1,1,0,3,3,3,1,2,2,0,9.0
11,GP,F,15,U,GT3,T,2,1,services,other,reputation,father,3,3,0,0,1,0,1,1,1,1,0,5,2,2,1,1,4,4,11.333333333333334
12,GP,M,15,U,LE3,T,4,4,health,services,course,father,1,1,0,0,1,1,1,1,1,1,0,4,3,3,1,3,5,2,14.0
13,GP,M,15,U,GT3,T,4,3,teacher,other,course,mother,2,2,0,0,1,1,0,1,1,1,0,5,4,3,1,2,3,2,10.333333333333334
14,GP,M,15,U,GT3,A,2,2,other,other,home,other,1,3,0,0,1,0,0,1,1,1,1,4,5,2,1,1,3,0,15.333333333333334
15,GP,F,16,U,GT3,T,4,4,health,other,home,mother,1,1,0,0,1,0,0,1,1,1,0,4,4,4,1,2,2,4,14.0
16,GP,F,16,U,GT3,T,4,4,services,services,reputation,mother,1,3,0,0,1,1,1,1,1,1,0,3,2,3,1,2,2,6,13.666666666666666
17,GP,F,16,U,GT3,T,3,3,other,other,reputation,mother,3,2,0,1,1,0,1,1,1,0,0,5,3,2,1,1,4,4,9.333333333333334
18,GP,M,17,U,GT3,T,3,2,services,services,course,mother,1,1,3,0,1,0,1,1,1,1,0,5,5,5,2,4,5,16,5.333333333333333
19,GP,M,16,U,LE3,T,4,3,health,other,home,father,1,1,0,0,0,1,1,1,1,1,0,3,1,3,1,3,5,4,9.333333333333334
20,GP,M,15,U,GT3,T,4,3,teacher,other,reputation,mother,1,2,0,0,0,0,0,1,1,1,0,4,4,1,1,1,1,0,14.0
21,GP,M,15,U,GT3,T,4,4,health,health,other,father,1,1,0,0,1,1,0,1,1,1,0,5,4,2,1,1,5,0,14.0
22,GP,M,16,U,LE3,T,4,2,teacher,other,course,mother,1,2,0,0,0,0,1,1,1,1,0,4,5,1,1,3,5,2,15.333333333333334
23,GP,M,16,U,LE3,T,2,2,other,other,reputation,mother,2,2,0,0,1,0,1,1,1,1,0,5,4,4,2,4,5,0,12.666666666666666
24,GP,F,15,R,GT3,T,2,4,services,health,course,mother,1,3,0,1,1,1,1,1,1,1,0,4,3,2,1,1,5,2,9.0
25,GP,F,16,U,GT3,T,2,2,services,services,home,mother,1,1,2,0,1,1,0,0,1,1,0,1,2,2,1,3,5,14,7.666666666666667
26,GP,M,15,U,GT3,T,2,2,other,other,home,mother,1,1,0,0,1,1,0,1,1,1,0,4,2,2,1,2,5,2,11.666666666666666
27,GP,M,15,U,GT3,T,4,2,health,services,other,mother,1,1,0,0,0,1,0,1,1,1,0,2,2,4,2,4,1,4,15.333333333333334
28,GP,M,16,U,LE3,A,3,4,services,other,home,mother,1,2,0,1,1,0,1,1,1,1,0,5,3,3,1,1,5,4,11.0
29,GP,M,16,U,GT3,T,4,4,teacher,teacher,home,mother,1,2,0,0,1,1,1,1,1,1,1,4,4,5,5,5,5,16,11.0
30,GP,M,15,U,GT3,T,4,4,health,services,home,mother,1,2,0,0,1,1,0,0,1,1,0,5,4,2,3,4,5,0,10.666666666666666
31,GP,M,15,U,GT3,T,4,4,services,services,reputation,mother,2,2,0,0,1,0,1,1,1,1,0,4,3,1,1,1,5,0,16.666666666666668
32,GP,M,15,R,GT3,T,4,3,teacher,at_home,course,mother,1,2,0,0,1,0,1,1,1,1,1,4,5,2,1,1,5,0,16.333333333333332
33,GP,M,15,U,LE3,T,3,3,other,other,course,mother,1,2,0,0,0,0,1,0,1,1,0,5,3,2,1,1,2,0,10.0
34,GP,M,16,U,GT3,T,3,2,other,other,home,mother,1,1,0,0,1,1,0,0,1,1,0,5,4,3,1,1,5,0,13.666666666666666
35,GP,F,15,U,GT3,T,2,3,other,other,other,father,2,1,0,0,1,0,1,1,1,0,0,3,5,1,1,1,5,0,7.0
36,GP,M,15,U,LE3,T,4,3,teacher,services,home,mother,1,3,0,0,1,0,1,1,1,1,0,5,4,3,1,1,4,2,16.333333333333332
37,GP,M,16,R,GT3,A,4,4,other,teacher,reputation,mother,2,3,0,0,1,0,1,1,1,1,1,2,4,3,1,1,5,7,15.333333333333334
38,GP,F,15,R,GT3,T,3,4,services,health,course,mother,1,3,0,1,1,1,1,1,1,1,0,4,3,2,1,1,5,2,11.666666666666666
39,GP,F,15,R,GT3,T,2,2,at_home,other,reputation,mother,1,1,0,1,1,1,1,1,1,0,0,4,3,1,1,1,2,8,13.333333333333334
40,GP,F,16,U,LE3,T,2,2,other,other,home,mother,2,2,1,0,1,0,1,0,1,1,1,3,3,3,1,2,3,25,9.333333333333334
41,GP,M,15,U,LE3,T,4,4,teacher,other,home,other,1,1,0,0,1,0,0,0,1,1,1,5,4,3,2,4,5,8,12.0
42,GP,M,15,U,GT3,T,4,4,services,teacher,course,father,1,2,0,0,1,0,1,1,1,1,0,4,3,3,1,1,5,2,18.333333333333332
43,GP,M,15,U,GT3,T,2,2,services,services,course,father,1,1,0,1,1,0,0,1,1,1,0,5,4,1,1,1,1,0,9.0
44,GP,F,16,U,LE3,T,2,2,other,at_home,course,father,2,2,1,1,0,0,1,1,1,1,0,4,3,3,2,2,5,14,9.666666666666666
45,GP,F,15,U,LE3,A,4,3,other,other,course,mother,1,2,0,1,1,1,1,1,1,1,1,5,2,2,1,1,5,8,7.333333333333333
46,GP,F,16,U,LE3,A,3,3,other,services,home,mother,1,2,0,0,1,0,0,1,1,1,0,2,3,5,1,4,3,12,11.333333333333334
47,GP,M,16,U,GT3,T,4,3,health,services,reputation,mother,1,4,0,0,0,0,1,1,1,1,0,4,2,2,1,1,2,4,19.333333333333332
48,GP,M,15,U,GT3,T,4,2,teacher,other,home,mother,1,2,0,0,1,1,0,1,1,0,0,4,3,3,2,2,5,2,14.666666666666666
49,GP,F,15,U,GT3,T,4,4,services,teacher,other,father,1,2,1,1,1,0,1,0,1,1,0,4,4,4,1,1,3,2,7.0
50,GP,F,16,U,LE3,T,2,2,services,services,course,mother,3,2,0,0,1,1,0,1,1,1,0,4,3,3,2,3,4,2,12.666666666666666
51,GP,F,15,U,LE3,T,4,2,health,other,other,mother,1,2,0,0,1,1,0,1,1,1,0,4,3,3,1,1,5,2,12.333333333333334
52,GP,M,15,U,LE3,A,4,2,health,health,other,father,2,1,1,0,0,0,0,1,1,0,0,5,5,5,3,4,5,6,10.666666666666666
53,GP,F,15,U,GT3,T,4,4,services,services,course,mother,1,1,0,1,1,1,0,1,1,1,0,3,3,4,2,3,5,0,9.666666666666666
54,GP,F,15,U,LE3,A,3,3,other,other,other,mother,1,1,0,0,0,1,0,1,1,1,0,5,3,4,4,4,1,6,12.0
55,GP,F,16,U,GT3,A,2,1,other,other,other,mother,1,2,0,0,0,1,1,1,1,1,1,5,3,4,1,1,2,8,9.0
56,GP,F,15,U,GT3,A,4,3,services,services,reputation,mother,1,2,0,0,1,1,1,1,1,1,0,4,3,2,1,1,1,0,14.666666666666666
57,GP,M,15,U,GT3,T,4,4,teacher,health,reputation,mother,1,2,0,0,1,0,1,1,1,0,0,3,2,2,1,1,5,4,14.666666666666666
58,GP,M,15,U,LE3,T,1,2,other,at_home,home,father,1,2,0,1,1,0,1,1,1,1,0,4,3,2,1,1,5,2,9.333333333333334
59,GP,F,16,U,GT3,T,4,2,services,other,course,mother,1,2,0,0,1,0,0,1,1,1,0,4,2,3,1,1,5,2,15.666666666666666
60,GP,F,16,R,GT3,T,4,4,health,teacher,other,mother,1,2,0,0,1,0,1,1,1,0,0,2,4,4,2,3,4,6,10.666666666666666
61,GP,F,16,U,GT3,T,1,1,services,services,course,father,4,1,0,1,1,0,1,0,1,1,1,5,5,5,5,5,5,6,9.666666666666666
62,GP,F,16,U,LE3,T,1,2,other,services,reputation,father,1,2,0,1,0,0,1,1,1,1,0,4,4,3,1,1,1,4,9.0
63,GP,F,16,U,GT3,T,4,3,teacher,health,home,mother,1,3,0,1,1,1,1,1,1,1,0,3,4,4,2,4,4,2,9.333333333333334
64,GP,F,15,U,LE3,T,4,3,services,services,reputation,father,1,2,0,1,0,0,1,1,1,1,1,4,4,4,2,4,2,0,10.0
65,GP,F,16,U,LE3,T,4,3,teacher,services,course,mother,3,2,0,0,1,0,1,1,1,1,0,5,4,3,1,2,1,2,15.333333333333334
66,GP,M,15,U,GT3,A,4,4,other,services,reputation,mother,1,4,0,0,1,0,1,0,1,1,1,1,3,3,5,5,3,4,12.666666666666666
67,GP,F,16,U,GT3,T,3,1,services,other,course,mother,1,4,0,1,1,1,0,1,1,1,0,4,3,3,1,2,5,4,6.666666666666667
68,GP,F,15,R,LE3,T,2,2,health,services,reputation,mother,2,2,0,1,1,1,0,1,1,1,0,4,1,3,1,3,4,2,8.333333333333334
69,GP,F,15,R,LE3,T,3,1,other,other,reputation,father,2,4,0,0,1,0,0,0,1,1,0,4,4,2,2,3,3,12,16.0
70,GP,M,16,U,GT3,T,3,1,other,other,reputation,father,2,4,0,0,1,1,0,1,1,1,0,4,3,2,1,1,5,0,14.333333333333334
71,GP,M,15,U,GT3,T,4,2,other,other,course,mother,1,4,0,0,0,0,0,1,1,1,0,3,3,3,1,1,3,0,10.0
72,GP,F,15,R,GT3,T,1,1,other,other,reputation,mother,1,2,2,1,1,0,0,0,1,1,1,3,3,4,2,4,5,2,6.333333333333333
73,GP,M,16,U,GT3,T,3,1,other,other,reputation,mother,1,1,0,0,0,0,1,1,1,0,0,5,3,2,2,2,5,2,12.666666666666666
74,GP,F,16,U,GT3,T,3,3,other,services,home,mother,1,2,0,1,1,1,1,1,1,1,0,4,3,3,2,4,5,54,11.333333333333334
75,GP,M,15,U,GT3,T,4,3,teacher,other,home,mother,1,2,0,0,1,1,1,1,1,1,0,4,3,3,2,3,5,6,9.333333333333334
76,GP,M,15,U,GT3,T,4,0,teacher,other,course,mother,2,4,0,0,0,0,1,1,1,1,0,3,4,3,1,1,1,8,10.666666666666666
77,GP,F,16,U,GT3,T,2,2,other,other,reputation,mother,1,4,0,0,0,1,0,1,1,1,1,5,2,3,1,3,3,0,11.0
78,GP,M,17,U,GT3,T,2,1,other,other,home,mother,2,1,3,1,1,0,1,1,0,1,0,4,5,1,1,1,3,2,8.666666666666666
79,GP,F,16,U,GT3,T,3,4,at_home,other,course,mother,1,2,0,0,1,0,0,1,1,1,0,2,4,3,1,2,3,12,5.0
80,GP,M,15,U,GT3,T,2,3,other,services,course,father,1,1,0,1,1,1,1,0,1,1,1,3,2,2,1,3,3,2,11.333333333333334
81,GP,M,15,U,GT3,T,2,3,other,other,home,mother,1,3,0,1,0,1,0,0,1,1,0,5,3,2,1,2,5,4,10.666666666666666
82,GP,F,15,U,LE3,T,3,2,services,other,reputation,mother,1,2,0,0,1,1,0,1,1,1,0,4,4,4,1,1,5,10,6.333333333333333
83,GP,M,15,U,LE3,T,2,2,services,services,home,mother,2,2,0,0,0,1,1,1,1,1,0,5,3,3,1,3,4,4,15.0
84,GP,F,15,U,GT3,T,1,1,other,other,home,father,1,2,0,0,1,0,1,0,1,1,0,4,3,2,2,3,4,2,9.666666666666666
85,GP,F,15,U,GT3,T,4,4,services,services,reputation,father,2,2,2,0,0,1,0,1,1,1,1,4,4,4,2,3,5,6,8.0
86,GP,F,16,U,LE3,T,2,2,at_home,other,course,mother,1,2,0,0,1,0,0,1,1,0,0,4,3,4,1,2,2,4,7.0
87,GP,F,15,U,GT3,T,4,2,other,other,reputation,mother,1,3,0,0,1,0,1,1,1,1,0,5,3,3,1,3,1,4,13.666666666666666
88,GP,M,16,U,GT3,T,2,2,services,other,reputation,father,2,2,1,0,0,1,1,0,1,1,0,4,4,2,1,1,3,12,10.333333333333334
89,GP,M,16,U,LE3,A,4,4,teacher,health,reputation,mother,1,2,0,0,1,0,0,1,1,0,0,4,1,3,3,5,5,18,7.0
90,GP,F,16,U,GT3,T,3,3,other,other,home,mother,1,3,0,0,1,1,0,1,1,1,1,4,3,3,1,3,4,0,7.333333333333333
91,GP,F,15,U,GT3,T,4,3,services,other,reputation,mother,1,1,0,0,0,1,1,1,1,1,0,4,5,5,1,3,1,4,17.0
92,GP,F,16,U,LE3,T,3,1,other,other,home,father,1,2,0,1,1,0,0,1,1,0,0,3,3,3,2,3,2,4,6.333333333333333
93,GP,F,16,U,GT3,T,4,2,teacher,services,home,mother,2,2,0,0,1,1,1,1,1,1,0,5,3,3,1,1,1,0,10.333333333333334
94,GP,M,15,U,LE3,T,2,2,services,health,reputation,mother,1,4,0,0,1,0,1,1,1,1,0,4,3,4,1,1,4,6,12.666666666666666
95,GP,F,15,R,GT3,T,1,1,at_home,other,home,mother,2,4,1,1,1,1,1,1,1,1,0,3,1,2,1,1,1,2,9.0
96,GP,M,16,R,GT3,T,4,3,services,other,reputation,mother,2,1,0,1,1,0,1,0,1,1,0,3,3,3,1,1,4,2,13.666666666666666
97,GP,F,16,U,GT3,T,2,1,other,other,course,mother,1,2,0,0,1,1,0,1,1,0,1,4,3,5,1,1,5,2,9.0
98,GP,F,16,U,GT3,T,4,4,other,other,reputation,mother,1,1,0,0,0,0,1,0,1,1,0,5,3,4,1,2,1,6,13.0
99,GP,F,16,U,GT3,T,4,3,other,at_home,course,mother,1,3,0,1,1,1,0,1,1,1,0,5,3,5,1,1,3,0,8.0
100,GP,M,16,U,GT3,T,4,4,services,services,other,mother,1,1,0,1,1,1,1,1,1,1,0,4,5,5,5,5,4,14,6.333333333333333
101,GP,M,16,U,GT3,T,4,4,services,teacher,other,father,1,3,0,0,1,0,1,1,1,1,1,4,4,3,1,1,4,0,16.666666666666668
102,GP,M,15,U,GT3,T,4,4,services,other,course,mother,1,1,0,0,1,0,1,0,1,1,0,5,3,3,1,1,5,4,12.333333333333334
103,GP,F,15,U,GT3,T,3,2,services,other,home,mother,2,2,0,1,1,1,0,1,1,1,0,4,3,5,1,1,2,26,6.333333333333333
104,GP,M,15,U,GT3,A,3,4,services,other,course,mother,1,2,0,0,1,1,1,1,1,1,0,5,4,4,1,1,1,0,17.333333333333332
105,GP,F,15,U,GT3,A,3,3,other,health,reputation,father,1,4,0,1,0,0,0,1,1,0,0,4,3,3,1,1,4,10,10.666666666666666
106,GP,F,15,U,GT3,T,2,2,other,other,course,mother,1,4,0,1,1,1,0,1,1,1,0,5,1,2,1,1,3,8,7.666666666666667
107,GP,M,16,U,GT3,T,3,3,services,other,home,father,1,3,0,0,1,0,1,1,1,1,0,5,3,3,1,1,5,2,17.333333333333332
108,GP,M,15,R,GT3,T,4,4,other,other,home,father,4,4,0,0,1,1,1,1,1,1,1,1,3,5,3,5,1,6,12.0
109,GP,F,16,U,LE3,T,4,4,health,health,other,mother,1,3,0,0,1,1,1,1,1,1,1,5,4,5,1,1,4,4,15.0
110,GP,M,15,U,LE3,A,4,4,teacher,teacher,course,mother,1,1,0,0,0,0,1,1,1,1,0,5,5,3,1,1,4,6,18.666666666666668
111,GP,F,16,R,GT3,T,3,3,services,other,reputation,father,1,3,1,1,1,0,1,1,1,1,0,4,1,2,1,1,2,0,9.0
112,GP,F,16,U,GT3,T,2,2,at_home,other,home,mother,1,2,1,1,0,0,1,1,1,1,0,3,1,2,1,1,5,6,12.0
113,GP,M,15,U,LE3,T,4,2,teacher,other,course,mother,1,1,0,0,0,0,0,1,1,1,0,3,5,2,1,1,3,10,18.666666666666668
114,GP,M,15,R,GT3,T,2,1,health,services,reputation,mother,1,2,0,0,0,0,1,1,1,1,1,5,4,2,1,1,5,8,9.0
115,GP,M,16,U,GT3,T,4,4,teacher,teacher,course,father,1,2,0,0,1,0,1,1,1,1,0,5,4,4,1,2,5,2,15.333333333333334
116,GP,M,15,U,GT3,T,4,4,other,teacher,reputation,father,2,2,0,0,1,0,1,1,1,0,0,4,4,3,1,1,2,2,12.666666666666666
117,GP,M,16,U,GT3,T,3,3,other,services,home,father,2,1,0,0,0,0,1,1,1,1,0,5,4,2,1,1,5,0,13.333333333333334
118,GP,M,17,R,GT3,T,1,3,other,other,course,father,3,2,1,0,1,0,1,1,1,1,0,5,2,4,1,4,5,20,8.0
119,GP,M,15,U,GT3,T,3,4,other,other,reputation,father,1,1,0,0,0,0,0,1,1,1,0,3,4,3,1,2,4,6,13.333333333333334
120,GP,F,15,U,GT3,T,1,2,at_home,services,course,mother,1,2,0,0,0,0,0,0,1,1,0,3,2,3,1,2,1,2,15.333333333333334
121,GP,M,15,U,GT3,T,2,2,services,services,home,father,1,4,0,0,1,1,1,1,1,1,0,5,5,4,1,2,5,6,15.0
122,GP,F,16,U,LE3,T,2,4,other,health,course,father,2,2,0,0,1,1,1,1,1,1,1,4,2,2,1,2,5,2,13.0
123,GP,M,16,U,GT3,T,4,4,health,other,course,mother,1,1,0,0,1,0,1,1,1,1,0,3,4,4,1,4,5,18,12.666666666666666
124,GP,F,16,U,GT3,T,2,2,other,other,home,mother,1,2,0,0,0,1,0,1,1,1,1,5,4,4,1,1,5,0,7.666666666666667
125,GP,M,15,U,GT3,T,3,4,services,services,home,father,1,1,0,1,0,0,0,1,1,1,0,5,5,5,3,2,5,0,12.666666666666666
126,GP,F,15,U,LE3,A,3,4,other,other,home,mother,1,2,0,1,0,0,1,1,1,1,1,5,3,2,1,1,1,0,9.333333333333334
127,GP,F,19,U,GT3,T,0,1,at_home,other,course,other,1,2,3,0,1,0,0,0,0,0,0,3,4,2,1,1,5,2,8.0
128,GP,M,18,R,GT3,T,2,2,services,other,reputation,mother,1,1,2,0,1,0,1,1,1,1,0,3,3,3,1,2,4,0,3.6666666666666665
129,GP,M,16,R,GT3,T,4,4,teacher,teacher,course,mother,1,1,0,0,0,1,1,1,1,1,0,3,5,5,2,5,4,8,18.0
130,GP,F,15,R,GT3,T,3,4,services,teacher,course,father,2,3,2,0,1,0,0,1,1,1,1,4,2,2,2,2,5,0,4.0
131,GP,F,15,U,GT3,T,1,1,at_home,other,course,mother,3,1,0,0,1,0,1,0,1,1,1,4,3,3,1,2,4,0,2.6666666666666665
132,GP,F,17,U,LE3,T,2,2,other,other,course,father,1,1,0,0,1,0,0,1,1,1,1,3,4,4,1,3,5,12,11.666666666666666
133,GP,F,16,U,GT3,A,3,4,services,other,course,father,1,1,0,0,0,0,0,1,1,1,0,3,2,1,1,4,5,16,11.333333333333334
134,GP,M,15,R,GT3,T,3,4,at_home,teacher,course,mother,4,2,0,0,1,0,0,1,1,0,1,5,3,3,1,1,5,0,3.0
135,GP,F,15,U,GT3,T,4,4,services,at_home,course,mother,1,3,0,0,1,0,1,1,1,1,1,4,3,3,1,1,5,0,3.6666666666666665
136,GP,M,17,R,GT3,T,3,4,at_home,other,course,mother,3,2,0,0,0,0,0,1,1,0,0,5,4,5,2,4,5,0,3.3333333333333335
137,GP,F,16,U,GT3,A,3,3,other,other,course,other,2,1,2,0,1,0,1,0,1,1,1,4,3,2,1,1,5,0,1.3333333333333333
138,GP,M,16,U,LE3,T,1,1,services,other,course,mother,1,2,1,0,0,0,0,1,1,0,1,4,4,4,1,3,5,0,12.666666666666666
139,GP,F,15,U,GT3,T,4,4,teacher,teacher,course,mother,2,1,0,0,0,0,1,1,1,1,0,4,3,2,1,1,5,0,15.666666666666666
140,GP,M,15,U,GT3,T,4,3,teacher,services,course,father,2,4,0,1,1,0,0,1,1,1,0,2,2,2,1,1,3,0,5.333333333333333
141,GP,M,16,U,LE3,T,2,2,services,services,reputation,father,2,1,2,0,1,0,1,1,1,1,0,2,3,3,2,2,2,8,9.0
142,GP,F,15,U,GT3,T,4,4,teacher,services,course,mother,1,3,0,0,1,1,1,1,1,1,0,4,2,2,1,1,5,2,10.333333333333334
143,GP,F,16,U,LE3,T,1,1,at_home,at_home,course,mother,1,1,0,0,0,0,0,1,1,1,0,3,4,4,3,3,1,2,13.666666666666666
144,GP,M,17,U,GT3,T,2,1,other,other,home,mother,1,1,3,0,1,0,0,1,1,1,0,5,4,5,1,2,5,0,1.6666666666666667
145,GP,F,15,U,GT3,T,1,1,other,services,course,father,1,2,0,0,1,1,0,1,1,1,0,4,4,2,1,2,5,0,10.0
146,GP,F,15,U,GT3,T,3,2,health,services,home,father,1,2,3,0,1,0,0,1,1,1,0,3,3,2,1,1,3,0,4.333333333333333
147,GP,F,15,U,GT3,T,1,2,at_home,other,course,mother,1,2,0,0,1,1,0,0,1,1,0,4,3,2,1,1,5,2,10.666666666666666
148,GP,M,16,U,GT3,T,4,4,teacher,teacher,course,mother,1,1,0,0,1,0,0,1,0,1,1,3,3,2,2,1,5,0,4.333333333333333
149,GP,M,15,U,LE3,A,2,1,services,other,course,mother,4,1,3,0,0,0,0,1,1,1,0,4,5,5,2,5,5,0,9.0
150,GP,M,18,U,LE3,T,1,1,other,other,course,mother,1,1,3,0,0,0,0,1,0,1,1,2,3,5,2,5,4,0,3.6666666666666665
151,GP,M,16,U,LE3,T,2,1,at_home,other,course,mother,1,1,1,0,0,0,1,1,1,0,1,4,4,4,3,5,5,6,13.0
152,GP,F,15,R,GT3,T,3,3,services,services,reputation,other,2,3,2,0,1,1,1,1,1,1,1,4,2,1,2,3,3,8,10.0
153,GP,M,19,U,GT3,T,3,2,services,at_home,home,mother,1,1,3,0,1,0,0,1,0,1,1,4,5,4,1,1,4,0,1.6666666666666667
154,GP,F,17,U,GT3,T,4,4,other,teacher,course,mother,1,1,0,1,1,0,0,1,1,0,1,4,2,1,1,1,4,0,11.333333333333334
155,GP,M,15,R,GT3,T,2,3,at_home,services,course,mother,1,2,0,1,0,1,1,1,1,0,0,4,4,4,1,1,1,2,9.0
156,GP,M,17,R,LE3,T,1,2,other,other,reputation,mother,1,1,0,0,0,0,0,1,1,0,0,2,2,2,3,3,5,8,13.666666666666666
157,GP,F,18,R,GT3,T,1,1,at_home,other,course,mother,3,1,3,0,1,0,1,0,1,0,0,5,2,5,1,5,4,6,9.0
158,GP,M,16,R,GT3,T,2,2,at_home,other,course,mother,3,1,0,0,0,0,0,0,1,0,0,4,2,2,1,2,3,2,15.666666666666666
159,GP,M,16,U,GT3,T,3,3,other,services,course,father,1,2,1,0,1,1,0,1,1,1,1,4,5,5,4,4,5,4,11.333333333333334
160,GP,M,17,R,LE3,T,2,1,at_home,other,course,mother,2,1,2,0,0,0,1,1,0,1,1,3,3,2,2,2,5,0,4.333333333333333
161,GP,M,15,R,GT3,T,3,2,other,other,course,mother,2,2,2,1,1,0,0,1,1,1,1,4,4,4,1,4,3,6,7.0
162,GP,M,16,U,LE3,T,1,2,other,other,course,mother,2,1,1,0,0,0,1,1,1,0,0,4,4,4,2,4,5,0,2.3333333333333335
163,GP,M,17,U,GT3,T,1,3,at_home,services,course,father,1,1,0,0,0,0,0,1,0,1,0,5,3,3,1,4,2,2,10.0
164,GP,M,17,R,LE3,T,1,1,other,services,course,mother,4,2,3,0,0,0,1,1,0,0,1,5,3,5,1,5,5,0,6.666666666666667
165,GP,M,16,U,GT3,T,3,2,services,services,course,mother,2,1,1,0,1,0,1,0,0,0,0,4,5,2,1,1,2,16,11.666666666666666
166,GP,M,16,U,GT3,T,2,2,other,other,course,father,1,2,0,0,0,0,0,1,0,1,0,4,3,5,2,4,4,4,10.0
167,GP,F,16,U,GT3,T,4,2,health,services,home,father,1,2,0,0,0,1,0,1,1,1,1,4,2,3,1,1,3,0,15.0
168,GP,F,16,U,GT3,T,2,2,other,other,home,mother,1,2,0,0,1,1,0,0,1,1,0,5,1,5,1,1,4,0,4.333333333333333
169,GP,F,16,U,GT3,T,4,4,health,health,reputation,mother,1,2,0,0,1,1,0,1,1,1,1,4,4,2,1,1,3,0,14.0
170,GP,M,16,U,GT3,T,3,4,other,other,course,father,3,1,2,0,1,0,1,0,1,1,0,3,4,5,2,4,2,0,3.6666666666666665
171,GP,M,16,U,GT3,T,1,0,other,other,reputation,mother,2,2,0,0,1,1,1,1,1,1,1,4,3,2,1,1,3,2,14.666666666666666
172,GP,M,17,U,LE3,T,4,4,teacher,other,reputation,mother,1,2,0,0,1,1,1,1,1,1,0,4,4,4,1,3,5,0,11.333333333333334
173,GP,F,16,U,GT3,T,1,3,at_home,services,home,mother,1,2,3,0,0,0,1,0,1,1,1,4,3,5,1,1,3,0,5.0
174,GP,F,16,U,LE3,T,3,3,other,other,reputation,mother,2,2,0,0,1,1,1,1,1,1,0,4,4,5,1,1,4,4,10.0
175,GP,M,17,U,LE3,T,4,3,teacher,other,course,mother,2,2,0,0,0,1,1,1,1,1,0,4,4,4,4,4,4,4,9.333333333333334
176,GP,F,16,U,GT3,T,2,2,services,other,reputation,mother,2,2,0,0,0,1,1,0,1,1,0,3,4,4,1,4,5,2,12.333333333333334
177,GP,M,17,U,GT3,T,3,3,other,other,reputation,father,1,2,0,0,0,0,1,0,1,1,0,4,3,4,1,4,4,4,5.666666666666667
178,GP,M,16,R,GT3,T,4,2,teacher,services,other,mother,1,1,0,0,1,0,1,1,1,1,1,4,3,3,3,4,3,10,9.0
179,GP,M,17,U,GT3,T,4,3,other,other,course,mother,1,2,0,0,1,0,1,1,1,1,1,5,2,3,1,1,2,4,10.333333333333334
180,GP,M,16,U,GT3,T,4,3,teacher,other,home,mother,1,2,0,0,1,1,1,1,1,1,0,3,4,3,2,3,3,10,8.333333333333334
181,GP,M,16,U,GT3,T,3,3,services,other,home,mother,1,2,0,0,0,1,1,1,1,1,1,4,2,3,1,2,3,2,12.333333333333334
182,GP,F,17,U,GT3,T,2,4,services,services,reputation,father,1,2,0,0,1,0,1,1,1,0,0,5,4,2,2,3,5,0,16.666666666666668
183,GP,F,17,U,LE3,T,3,3,other,other,reputation,mother,1,2,0,0,1,0,1,1,1,1,1,5,3,3,2,3,1,56,8.666666666666666
184,GP,F,16,U,GT3,T,3,2,other,other,reputation,mother,1,2,0,0,1,1,0,1,1,1,0,1,2,2,1,2,1,14,12.333333333333334
185,GP,M,17,U,GT3,T,3,3,services,services,other,mother,1,2,0,0,1,0,1,1,1,1,1,4,3,4,2,3,4,12,11.666666666666666
186,GP,M,16,U,GT3,T,1,2,services,services,other,mother,1,1,0,0,1,1,1,1,1,1,1,3,3,3,1,2,3,2,11.333333333333334
187,GP,M,16,U,LE3,T,2,1,other,other,course,mother,1,2,0,0,0,1,1,1,1,1,1,4,2,3,1,2,5,0,15.0
188,GP,F,17,U,GT3,A,3,3,health,other,reputation,mother,1,2,0,0,1,0,0,0,1,1,1,3,3,3,1,3,3,6,8.0
189,GP,M,17,R,GT3,T,1,2,at_home,other,home,mother,1,2,0,0,0,0,0,1,1,0,0,3,1,3,1,5,3,4,9.0
190,GP,F,16,U,GT3,T,2,3,services,services,course,mother,1,2,0,0,0,0,0,1,1,1,0,4,3,3,1,1,2,10,12.0
191,GP,F,17,U,GT3,T,1,1,at_home,services,course,mother,1,2,0,0,0,0,1,1,1,1,0,5,3,3,1,1,3,0,8.333333333333334
192,GP,M,17,U,GT3,T,1,2,at_home,services,other,other,2,2,0,0,0,1,1,0,1,1,0,4,4,4,4,5,5,12,7.666666666666667
193,GP,M,16,R,GT3,T,3,3,services,services,reputation,mother,1,1,0,0,1,0,1,1,1,1,0,4,3,2,3,4,5,8,9.0
194,GP,M,16,U,GT3,T,2,3,other,other,home,father,2,1,0,0,0,0,0,1,1,1,0,5,3,3,1,1,3,0,13.666666666666666
195,GP,F,17,U,LE3,T,2,4,services,services,course,father,1,2,0,0,0,0,1,1,1,1,1,4,3,2,1,1,5,0,14.666666666666666
196,GP,M,17,U,GT3,T,4,4,services,teacher,home,mother,1,1,0,0,0,0,0,1,1,1,0,5,2,3,1,2,5,4,16.0
197,GP,M,16,R,LE3,T,3,3,teacher,other,home,father,3,1,0,0,1,1,1,1,1,1,0,3,3,4,3,5,3,8,9.333333333333334
198,GP,F,17,U,GT3,T,4,4,services,teacher,home,mother,2,1,1,0,1,0,0,1,1,1,0,4,2,4,2,3,2,24,18.0
199,GP,F,16,U,LE3,T,4,4,teacher,teacher,reputation,mother,1,2,0,0,1,1,0,1,1,1,0,4,5,2,1,2,3,0,9.333333333333334
200,GP,F,16,U,GT3,T,4,3,health,other,home,mother,1,2,0,0,1,0,1,1,1,1,0,4,3,5,1,5,2,2,16.0
201,GP,F,16,U,GT3,T,2,3,other,other,reputation,mother,1,2,0,1,1,1,1,1,1,0,0,4,4,3,1,3,4,6,9.333333333333334
202,GP,F,17,U,GT3,T,1,1,other,other,course,mother,1,2,0,0,1,1,0,0,1,0,0,4,4,4,1,3,1,4,9.333333333333334
203,GP,F,17,R,GT3,T,2,2,other,other,reputation,mother,1,1,0,0,1,0,0,1,1,1,0,5,3,2,1,2,3,18,6.333333333333333
204,GP,F,16,R,GT3,T,2,2,services,services,reputation,mother,2,4,0,0,1,1,1,0,1,1,0,5,3,5,1,1,5,6,10.333333333333334
205,GP,F,17,U,GT3,T,3,4,at_home,services,home,mother,1,3,1,0,1,1,0,1,1,1,1,4,4,3,3,4,5,28,9.333333333333334
206,GP,F,16,U,GT3,A,3,1,services,other,course,mother,1,2,3,0,1,1,0,1,1,1,0,2,3,3,2,2,4,5,7.0
207,GP,F,16,U,GT3,T,4,3,teacher,other,other,mother,1,2,0,0,0,1,1,1,1,1,1,1,3,2,1,1,1,10,12.0
208,GP,F,16,U,GT3,T,1,1,at_home,other,home,mother,2,1,0,0,1,1,0,1,1,0,0,4,3,2,1,4,5,6,9.333333333333334
209,GP,F,17,R,GT3,T,4,3,teacher,other,reputation,mother,2,3,0,0,1,1,1,1,1,1,1,4,4,2,1,1,4,6,7.0
210,GP,F,19,U,GT3,T,3,3,other,other,reputation,other,1,4,0,0,1,1,1,1,1,1,0,4,3,3,1,2,3,10,8.0
211,GP,M,17,U,LE3,T,4,4,services,other,home,mother,1,2,0,0,1,1,0,1,1,1,1,5,3,5,4,5,3,13,12.333333333333334
212,GP,F,16,U,GT3,A,2,2,other,other,reputation,mother,1,2,0,1,1,1,0,1,1,1,0,3,3,4,1,1,4,0,13.0
213,GP,M,18,U,GT3,T,2,2,services,other,home,mother,1,2,1,0,1,1,1,1,1,1,0,4,4,4,2,4,5,15,7.0
214,GP,F,17,R,LE3,T,4,4,services,other,other,mother,1,1,0,0,1,1,0,1,1,0,0,5,2,1,1,2,3,12,9.333333333333334
215,GP,F,17,U,LE3,T,3,2,other,other,reputation,mother,2,2,0,0,0,1,0,1,1,1,0,4,4,4,1,3,1,2,14.666666666666666
216,GP,F,17,U,GT3,T,4,3,other,other,reputation,mother,1,2,2,0,0,1,0,1,1,1,1,3,4,5,2,4,1,22,5.333333333333333
217,GP,M,18,U,LE3,T,3,3,services,health,home,father,1,2,1,0,1,1,0,1,1,1,0,3,2,4,2,4,4,13,6.666666666666667
218,GP,F,17,U,GT3,T,2,3,at_home,other,home,father,2,1,0,0,1,1,0,1,1,0,0,3,3,3,1,4,3,3,7.333333333333333
219,GP,F,17,U,GT3,T,2,2,at_home,at_home,course,mother,1,3,0,0,1,1,1,1,1,1,0,4,3,3,1,1,4,4,9.666666666666666
220,GP,F,17,R,GT3,T,2,1,at_home,services,reputation,mother,2,2,0,0,1,0,1,1,1,1,0,4,2,5,1,2,5,2,6.0
221,GP,F,17,U,GT3,T,1,1,at_home,other,reputation,mother,1,3,1,0,1,0,1,1,1,0,1,4,3,4,1,1,5,0,3.6666666666666665
222,GP,F,16,U,GT3,T,2,3,services,teacher,other,mother,1,2,0,1,0,0,0,1,1,1,0,2,3,1,1,1,3,2,16.333333333333332
223,GP,M,18,U,GT3,T,2,2,other,other,home,mother,2,2,0,0,1,1,0,1,1,1,0,3,3,3,5,5,4,0,12.666666666666666
224,GP,F,16,U,GT3,T,4,4,teacher,services,home,mother,1,3,0,0,1,0,1,0,1,1,0,5,3,2,1,1,5,0,13.333333333333334
225,GP,F,18,R,GT3,T,3,1,other,other,reputation,mother,1,2,1,0,0,0,1,1,1,1,1,5,3,3,1,1,4,16,8.0
226,GP,F,17,U,GT3,T,3,2,other,other,course,mother,1,2,0,0,0,0,1,0,1,1,0,5,3,4,1,3,3,10,15.333333333333334
227,GP,M,17,U,LE3,T,2,3,services,services,reputation,father,1,2,0,0,1,1,0,0,1,1,0,5,3,3,1,3,3,2,11.666666666666666
228,GP,M,18,U,LE3,T,2,1,at_home,other,course,mother,4,2,0,1,1,1,1,1,1,1,1,4,3,2,4,5,3,14,9.0
229,GP,F,17,U,GT3,A,2,1,other,other,course,mother,2,3,0,0,0,0,1,1,1,1,1,3,2,3,1,2,3,10,11.333333333333334
230,GP,F,17,U,LE3,T,4,3,health,other,reputation,father,1,2,0,0,0,0,1,1,1,1,1,3,2,3,1,2,3,14,13.333333333333334
231,GP,M,17,R,GT3,T,2,2,other,other,course,father,2,2,0,0,1,1,1,1,1,1,0,4,5,2,1,1,1,4,11.0
232,GP,M,17,U,GT3,T,4,4,teacher,teacher,reputation,mother,1,2,0,1,1,0,1,1,1,1,1,4,5,5,1,3,2,14,9.666666666666666
233,GP,M,16,U,GT3,T,4,4,health,other,reputation,father,1,2,0,0,1,1,1,1,1,1,0,4,2,4,2,4,1,2,13.333333333333334
234,GP,M,16,U,LE3,T,1,1,other,other,home,mother,2,2,0,0,1,1,0,1,1,1,0,3,4,2,1,1,5,18,7.333333333333333
235,GP,M,16,U,GT3,T,3,2,at_home,other,reputation,mother,2,3,0,0,0,0,1,1,1,1,1,5,3,3,1,3,2,10,10.0
236,GP,M,17,U,LE3,T,2,2,other,other,home,father,1,2,0,0,0,1,1,0,1,1,1,4,4,2,5,5,4,4,13.333333333333334
237,GP,F,16,U,GT3,T,2,1,other,other,home,mother,1,1,0,0,0,0,0,1,1,1,1,4,5,2,1,1,5,20,12.333333333333334
238,GP,F,17,R,GT3,T,2,1,at_home,services,course,mother,3,2,0,0,0,0,1,1,1,0,0,2,1,1,1,1,3,2,11.666666666666666
239,GP,M,18,U,GT3,T,2,2,other,services,reputation,father,1,2,1,0,0,0,0,1,0,1,0,5,5,4,3,5,2,0,4.666666666666667
240,GP,M,17,U,LE3,T,4,3,health,other,course,mother,2,2,0,0,0,0,1,1,1,1,1,2,5,5,1,4,5,14,12.0
241,GP,M,17,R,LE3,A,4,4,teacher,other,course,mother,2,2,0,0,1,1,0,1,1,1,0,3,3,3,2,3,4,2,11.0
242,GP,M,16,U,LE3,T,4,3,teacher,other,course,mother,1,1,0,0,0,0,1,0,1,1,0,5,4,5,1,1,3,0,2.0
243,GP,M,16,U,GT3,T,4,4,services,services,course,mother,1,1,0,0,0,0,1,1,1,1,0,5,3,2,1,2,5,0,12.333333333333334
244,GP,F,18,U,GT3,T,2,1,other,other,course,other,2,3,0,0,1,1,0,0,1,1,1,4,4,4,1,1,3,0,2.3333333333333335
245,GP,M,16,U,GT3,T,2,1,other,other,course,mother,3,1,0,0,0,0,0,1,1,1,0,4,3,3,1,1,4,6,18.0
246,GP,M,17,U,GT3,T,2,3,other,other,course,father,2,1,0,0,0,0,0,1,1,1,0,5,2,2,1,1,2,4,12.333333333333334
247,GP,M,22,U,GT3,T,3,1,services,services,other,mother,1,1,3,0,0,0,0,0,0,1,1,5,4,5,5,5,1,16,7.333333333333333
248,GP,M,18,R,LE3,T,3,3,other,services,course,mother,1,2,1,0,1,0,0,1,1,1,1,4,3,3,1,3,5,8,4.333333333333333
249,GP,M,16,U,GT3,T,0,2,other,other,other,mother,1,1,0,0,0,1,0,0,1,1,0,4,3,2,2,4,5,0,14.333333333333334
250,GP,M,18,U,GT3,T,3,2,services,other,course,mother,2,1,1,0,0,0,0,1,0,1,0,4,4,5,2,4,5,0,7.333333333333333
251,GP,M,16,U,GT3,T,3,3,at_home,other,reputation,other,3,2,0,1,1,0,0,0,1,1,0,5,3,3,1,3,2,6,9.0
252,GP,M,18,U,GT3,T,2,1,services,services,other,mother,1,1,1,0,0,0,0,0,0,1,0,3,2,5,2,5,5,4,7.666666666666667
253,GP,M,16,R,GT3,T,2,1,other,other,course,mother,2,1,0,0,0,0,1,0,1,0,0,3,3,2,1,3,3,0,8.333333333333334
254,GP,M,17,R,GT3,T,2,1,other,other,course,mother,1,1,0,0,0,0,0,0,1,1,0,4,4,2,2,4,5,0,10.666666666666666
255,GP,M,17,U,LE3,T,1,1,health,other,course,mother,2,1,1,0,1,0,1,1,1,1,0,4,4,4,1,2,5,2,8.0
256,GP,F,17,U,LE3,T,4,2,teacher,services,reputation,mother,1,4,0,0,1,1,1,1,1,1,0,4,2,3,1,1,4,6,13.0
257,GP,M,19,U,LE3,A,4,3,services,at_home,reputation,mother,1,2,0,0,1,0,0,1,1,1,0,4,3,1,1,1,1,12,11.0
258,GP,M,18,U,GT3,T,2,1,other,other,home,mother,1,2,0,0,0,0,1,1,1,1,0,5,2,4,1,2,4,8,14.333333333333334
259,GP,F,17,U,LE3,T,2,2,services,services,course,father,1,4,0,0,0,1,1,1,1,1,1,3,4,1,1,1,2,0,6.333333333333333
260,GP,F,18,U,GT3,T,4,3,services,other,home,father,1,2,0,0,1,1,0,1,1,1,1,3,1,2,1,3,2,21,17.666666666666668
261,GP,M,18,U,GT3,T,4,3,teacher,other,course,mother,1,2,0,0,1,1,0,0,1,1,0,4,3,2,1,1,3,2,8.0
262,GP,M,18,R,GT3,T,3,2,other,other,course,mother,1,3,0,0,0,0,1,0,1,0,0,5,3,2,1,1,3,1,12.333333333333334
263,GP,F,17,U,GT3,T,3,3,other,other,home,mother,1,3,0,0,0,0,1,0,1,0,0,3,2,3,1,1,4,4,9.333333333333334
264,GP,F,18,U,GT3,T,2,2,at_home,services,home,mother,1,3,0,0,1,1,1,1,1,1,1,4,3,3,1,1,3,0,6.333333333333333
265,GP,M,18,R,LE3,A,3,4,other,other,reputation,mother,2,2,0,0,1,1,1,1,1,1,0,4,2,5,3,4,1,13,17.0
266,GP,M,17,U,GT3,T,3,1,services,other,other,mother,1,2,0,0,0,1,1,1,1,1,1,5,4,4,3,4,5,2,9.333333333333334
267,GP,F,18,R,GT3,T,4,4,teacher,other,reputation,mother,2,2,0,0,0,1,1,1,1,1,0,4,3,4,2,2,4,8,11.0
268,GP,M,18,U,GT3,T,4,2,health,other,reputation,father,1,2,0,0,1,1,1,1,1,1,1,5,4,5,1,3,5,10,9.666666666666666
269,GP,F,18,R,GT3,T,2,1,other,other,reputation,mother,2,2,0,0,1,0,0,1,0,1,1,4,3,5,1,2,3,0,2.0
270,GP,F,19,U,GT3,T,3,3,other,services,home,other,1,2,2,0,1,1,1,1,1,1,0,4,3,5,3,3,5,15,9.0
271,GP,F,18,U,GT3,T,2,3,other,services,reputation,father,1,4,0,0,1,1,1,1,1,1,1,4,5,5,1,3,2,4,14.333333333333334
272,GP,F,18,U,LE3,T,1,1,other,other,home,mother,2,2,0,0,1,1,0,0,1,0,0,4,4,3,1,1,3,2,11.0
273,GP,M,17,R,GT3,T,1,2,at_home,at_home,home,mother,1,2,0,0,1,1,1,0,1,0,1,3,5,2,2,2,1,2,14.333333333333334
274,GP,F,17,U,GT3,T,2,4,at_home,health,reputation,mother,2,2,0,0,1,1,0,1,1,1,1,4,3,3,1,1,1,2,10.0
275,GP,F,17,U,LE3,T,2,2,services,other,course,mother,2,2,0,1,1,1,0,1,1,1,1,4,4,4,2,3,5,6,12.0
276,GP,F,18,R,GT3,A,3,2,other,services,home,mother,2,2,0,0,0,0,0,0,0,1,1,4,1,1,1,1,5,75,9.333333333333334
277,GP,M,18,U,GT3,T,4,4,teacher,services,home,mother,2,1,0,0,0,1,1,1,1,1,0,3,2,4,1,4,3,22,9.0
278,GP,F,18,U,GT3,T,4,4,health,health,reputation,father,1,2,1,1,1,0,1,1,1,1,1,2,4,4,1,1,4,15,8.333333333333334
279,GP,M,18,U,LE3,T,4,3,teacher,services,course,mother,2,1,0,0,0,1,1,1,1,1,0,4,2,3,1,2,1,8,10.333333333333334
280,GP,M,17,U,LE3,A,4,1,services,other,home,mother,2,1,0,0,0,1,1,1,1,1,1,4,5,4,2,4,5,30,8.0
281,GP,M,17,U,LE3,A,3,2,teacher,services,home,mother,1,1,1,0,0,0,0,1,1,1,0,4,4,4,3,4,3,19,10.0
282,GP,F,18,R,LE3,T,1,1,at_home,other,reputation,mother,2,4,0,0,1,1,1,1,1,0,0,5,2,2,1,1,3,1,12.0
283,GP,F,18,U,GT3,T,1,1,other,other,home,mother,2,2,0,1,0,0,1,1,1,1,0,5,4,4,1,1,4,4,9.0
284,GP,F,17,U,GT3,T,2,2,other,other,course,mother,1,2,0,0,1,0,0,0,1,1,0,5,4,5,1,2,5,4,10.0
285,GP,M,17,U,GT3,T,1,1,other,other,reputation,father,1,2,0,0,0,1,0,0,1,1,0,4,3,3,1,2,4,2,11.0
286,GP,F,18,U,GT3,T,2,2,at_home,at_home,other,mother,1,3,0,0,1,1,0,1,1,1,0,4,3,3,1,2,2,5,18.333333333333332
287,GP,F,17,U,GT3,T,1,1,services,teacher,reputation,mother,1,3,0,0,1,1,0,1,1,1,0,4,3,3,1,1,3,6,12.333333333333334
288,GP,M,18,U,GT3,T,2,1,services,services,reputation,mother,1,3,0,0,0,1,1,1,1,1,0,4,2,4,1,3,2,6,14.333333333333334
289,GP,M,18,U,LE3,A,4,4,teacher,teacher,reputation,mother,1,2,0,0,1,1,1,1,1,1,0,5,4,3,1,1,2,9,14.333333333333334
290,GP,M,18,U,GT3,T,4,2,teacher,other,home,mother,1,2,0,0,1,1,1,1,1,1,1,4,3,2,1,4,5,11,11.333333333333334
291,GP,F,17,U,GT3,T,4,3,health,services,reputation,mother,1,3,0,0,1,1,0,1,1,1,0,4,2,2,1,2,3,0,15.0
292,GP,F,18,U,LE3,T,2,1,services,at_home,reputation,mother,1,2,1,0,0,0,0,1,1,1,1,5,4,3,1,1,5,12,12.333333333333334
293,GP,F,17,R,LE3,T,3,1,services,other,reputation,mother,2,4,0,0,1,1,0,1,1,0,0,3,1,2,1,1,3,6,18.0
294,GP,M,18,R,LE3,T,3,2,services,other,reputation,mother,2,3,0,0,1,1,1,1,1,1,0,5,4,2,1,1,4,8,13.666666666666666
295,GP,M,17,U,GT3,T,3,3,health,other,home,mother,1,1,0,0,1,1,0,1,1,1,0,4,4,3,1,3,5,4,12.333333333333334
296,GP,F,19,U,GT3,T,4,4,health,other,reputation,other,2,2,0,0,1,1,1,1,1,1,0,2,3,4,2,3,2,0,6.333333333333333
297,GP,F,18,U,LE3,T,4,3,other,other,home,other,2,2,0,0,1,1,0,1,1,1,1,4,4,5,1,2,2,10,8.666666666666666
298,GP,F,18,U,GT3,T,4,3,other,other,reputation,father,1,4,0,0,1,1,0,1,1,1,0,4,3,3,1,1,3,0,13.666666666666666
299,GP,M,18,U,LE3,T,4,4,teacher,teacher,home,mother,1,1,0,0,1,1,0,1,1,1,1,1,4,2,2,2,1,5,15.666666666666666
300,GP,F,18,U,LE3,A,4,4,health,other,home,mother,1,2,0,0,1,0,0,1,1,1,1,4,2,4,1,1,4,14,11.0
301,GP,M,17,U,LE3,T,4,4,other,teacher,home,father,2,1,0,0,0,1,0,1,1,1,0,4,1,1,2,2,5,0,10.666666666666666
302,GP,F,17,U,GT3,T,4,2,other,other,reputation,mother,2,3,0,0,1,1,0,1,1,1,0,4,3,3,1,1,3,0,13.666666666666666
303,GP,F,17,U,GT3,T,3,2,health,health,reputation,father,1,4,0,0,1,1,1,0,1,1,0,5,2,2,1,2,5,0,17.333333333333332
304,GP,M,19,U,GT3,T,3,3,other,other,home,other,1,2,1,0,1,0,1,1,1,1,1,4,4,4,1,1,3,20,14.0
305,GP,F,18,U,GT3,T,2,4,services,at_home,reputation,other,1,2,1,0,1,1,1,1,1,1,0,4,4,3,1,1,3,8,12.666666666666666
306,GP,M,20,U,GT3,A,3,2,services,other,course,other,1,1,0,0,0,0,1,1,1,0,0,5,5,3,1,1,5,0,17.666666666666668
307,GP,M,19,U,GT3,T,4,4,teacher,services,reputation,other,2,1,1,0,1,1,0,1,1,1,1,4,3,4,1,1,4,38,8.333333333333334
308,GP,M,19,R,GT3,T,3,3,other,services,reputation,father,1,2,1,0,0,0,1,1,1,0,1,4,5,3,1,2,5,0,13.0
309,GP,F,19,U,LE3,T,1,1,at_home,other,reputation,other,1,2,1,1,1,0,1,0,1,1,0,4,4,3,1,3,3,18,10.666666666666666
310,GP,F,19,U,LE3,T,1,2,services,services,home,other,1,2,1,0,0,0,1,0,1,0,1,4,2,4,2,2,3,0,6.0
311,GP,F,19,U,GT3,T,2,1,at_home,other,other,other,3,2,0,0,1,0,0,1,0,1,1,3,4,1,1,1,2,20,13.0
312,GP,M,19,U,GT3,T,1,2,other,services,course,other,1,2,1,0,0,0,0,0,1,1,0,4,5,2,2,2,4,3,11.666666666666666
313,GP,F,19,U,LE3,T,3,2,services,other,reputation,other,2,2,1,0,1,1,0,0,1,1,1,4,2,2,1,2,1,22,11.333333333333334
314,GP,F,19,U,GT3,T,1,1,at_home,health,home,other,1,3,2,0,0,0,0,0,1,1,1,4,1,2,1,1,3,14,13.666666666666666
315,GP,F,19,R,GT3,T,2,3,other,other,reputation,other,1,3,1,0,0,0,0,1,1,1,1,4,1,2,1,1,3,40,11.666666666666666
316,GP,F,18,U,GT3,T,2,1,services,other,course,mother,2,2,0,0,1,1,1,1,1,1,0,5,3,3,1,2,1,0,5.333333333333333
317,GP,F,18,U,GT3,T,4,3,other,other,course,mother,1,3,0,0,1,1,1,1,1,1,1,4,3,4,1,1,5,9,9.333333333333334
318,GP,F,17,R,GT3,T,3,4,at_home,services,course,father,1,3,0,0,1,1,1,0,1,1,0,4,3,4,2,5,5,0,10.666666666666666
319,GP,F,18,U,GT3,T,4,4,teacher,other,course,mother,1,2,0,0,1,1,0,1,1,1,0,4,4,4,3,3,5,2,11.0
320,GP,F,17,U,GT3,A,4,3,services,services,course,mother,1,2,0,0,1,1,0,1,1,1,1,5,2,2,1,2,5,23,13.0
321,GP,F,17,U,GT3,T,2,2,other,other,course,mother,1,2,0,0,1,0,0,1,1,0,1,4,2,2,1,1,3,12,9.666666666666666
322,GP,F,17,R,LE3,T,2,2,services,services,course,mother,1,3,0,0,1,1,1,1,1,1,0,3,3,2,2,2,3,3,11.0
323,GP,F,17,U,GT3,T,3,1,services,services,course,father,1,3,0,0,1,0,0,0,1,1,0,3,4,3,2,3,5,1,13.666666666666666
324,GP,F,17,U,LE3,T,0,2,at_home,at_home,home,father,2,3,0,0,0,0,0,1,1,1,0,3,3,3,2,3,2,0,15.333333333333334
325,GP,M,18,U,GT3,T,4,4,other,other,course,mother,1,3,0,0,0,0,1,1,1,1,0,4,3,3,2,2,3,3,10.666666666666666
326,GP,M,17,U,GT3,T,3,3,other,services,reputation,mother,1,1,0,0,0,0,1,0,1,1,0,4,3,5,3,5,5,3,15.0
327,GP,M,17,R,GT3,T,2,2,services,other,course,mother,4,1,0,0,1,0,0,1,1,1,0,4,4,5,5,5,4,8,10.333333333333334
328,GP,F,17,U,GT3,T,4,4,teacher,services,course,mother,1,3,0,0,1,1,1,1,1,1,0,5,4,4,1,3,4,7,9.333333333333334
329,GP,F,17,U,GT3,T,4,4,teacher,teacher,course,mother,2,3,0,0,1,1,0,0,1,1,1,4,3,3,1,2,4,4,14.0
330,GP,M,18,U,LE3,T,2,2,other,other,course,mother,1,4,0,0,1,0,1,1,1,1,0,4,5,5,2,4,5,2,8.333333333333334
331,GP,F,17,R,GT3,T,2,4,at_home,other,course,father,1,3,0,0,1,0,0,1,1,1,1,4,4,3,1,1,5,7,13.333333333333334
332,GP,F,18,U,GT3,T,3,3,services,services,home,mother,1,2,0,0,0,0,1,1,1,1,0,5,3,4,1,1,4,0,2.3333333333333335
333,GP,F,18,U,LE3,T,2,2,other,other,home,other,1,2,0,0,0,0,1,0,1,1,1,4,3,3,1,1,2,0,5.333333333333333
334,GP,F,18,R,GT3,T,2,2,at_home,other,course,mother,2,4,0,0,0,0,1,1,1,0,0,4,4,4,1,1,4,0,6.333333333333333
335,GP,F,17,U,GT3,T,3,4,services,other,course,mother,1,3,0,0,0,0,0,1,1,1,0,4,4,5,1,3,5,16,15.333333333333334
336,GP,F,19,R,GT3,A,3,1,services,at_home,home,other,1,3,1,0,0,1,0,1,1,0,0,5,4,3,1,2,5,12,13.333333333333334
337,GP,F,17,U,GT3,T,3,2,other,other,home,mother,1,2,0,0,1,1,0,1,1,1,1,4,3,2,2,3,2,0,5.0
338,GP,F,18,U,LE3,T,3,3,services,services,home,mother,1,4,0,0,1,0,0,1,1,1,0,5,3,3,1,1,1,7,16.0
339,GP,F,17,R,GT3,A,3,2,other,other,home,mother,1,2,0,0,1,1,0,1,1,1,0,4,3,3,2,3,2,4,9.666666666666666
340,GP,F,19,U,GT3,T,2,1,services,services,home,other,1,3,1,0,0,1,1,1,1,1,1,4,3,4,1,3,3,4,11.333333333333334
341,GP,M,18,U,GT3,T,4,4,teacher,services,home,father,1,2,1,0,1,0,1,1,1,1,0,4,3,3,2,2,2,0,6.666666666666667
342,GP,M,18,U,LE3,T,3,4,services,other,home,mother,1,2,0,0,0,0,1,1,1,1,1,4,3,3,1,3,5,11,15.333333333333334
343,GP,F,17,U,GT3,A,2,2,at_home,at_home,home,father,1,2,1,0,1,0,0,1,1,1,1,3,3,1,1,2,4,0,5.666666666666667
344,GP,F,18,U,GT3,T,2,3,at_home,other,course,mother,1,3,0,0,1,0,0,1,1,1,0,4,3,3,1,2,3,4,10.333333333333334
345,GP,F,18,U,GT3,T,3,2,other,services,other,mother,1,3,0,0,0,0,0,1,1,1,1,5,4,3,2,3,1,7,13.333333333333334
346,GP,M,18,R,GT3,T,4,3,teacher,services,course,mother,1,3,0,0,0,0,0,1,1,1,1,5,3,2,1,2,4,9,15.666666666666666
347,GP,M,18,U,GT3,T,4,3,teacher,other,course,mother,1,3,0,0,1,1,0,1,1,1,1,5,4,5,2,3,5,0,9.666666666666666
348,GP,F,17,U,GT3,T,4,3,health,other,reputation,mother,1,3,0,0,1,1,1,1,1,1,1,4,4,3,1,3,4,0,14.333333333333334
349,MS,M,18,R,GT3,T,3,2,other,other,course,mother,2,1,1,0,1,0,0,0,1,1,0,2,5,5,5,5,5,10,12.333333333333334
350,MS,M,19,R,GT3,T,1,1,other,services,home,other,3,2,3,0,0,0,0,1,1,1,0,5,4,4,3,3,2,8,7.666666666666667
351,MS,M,17,U,GT3,T,3,3,health,other,course,mother,2,2,0,0,1,1,0,1,1,1,0,4,5,4,2,3,3,2,13.0
352,MS,M,18,U,LE3,T,1,3,at_home,services,course,mother,1,1,1,0,0,0,0,1,0,1,1,4,3,3,2,3,3,7,7.666666666666667
353,MS,M,19,R,GT3,T,1,1,other,other,home,other,3,1,1,0,1,0,0,1,1,1,0,4,4,4,3,3,5,4,8.0
354,MS,M,17,R,GT3,T,4,3,services,other,home,mother,2,2,0,0,1,1,1,0,1,1,1,4,5,5,1,3,2,4,11.666666666666666
355,MS,F,18,U,GT3,T,3,3,services,services,course,father,1,2,0,0,1,0,0,1,1,0,1,5,3,4,1,1,5,0,9.333333333333334
356,MS,F,17,R,GT3,T,4,4,teacher,services,other,father,2,2,0,0,1,1,1,1,1,1,0,4,3,3,1,2,5,4,12.666666666666666
357,MS,F,17,U,LE3,A,3,2,services,other,reputation,mother,2,2,0,0,0,0,0,1,1,0,1,1,2,3,1,2,5,2,11.666666666666666
358,MS,M,18,U,LE3,T,1,1,other,services,home,father,2,1,0,0,0,0,0,0,1,1,1,3,3,2,1,2,3,4,10.0
359,MS,F,18,U,LE3,T,1,1,at_home,services,course,father,2,3,0,0,0,0,0,1,1,1,0,5,3,2,1,1,4,0,16.666666666666668
360,MS,F,18,R,LE3,A,1,4,at_home,other,course,mother,3,2,0,0,0,0,0,1,1,0,1,4,3,4,1,4,5,0,13.0
361,MS,M,18,R,LE3,T,1,1,at_home,other,other,mother,2,2,1,0,0,0,1,0,0,0,0,4,4,3,2,3,5,2,12.333333333333334
362,MS,F,18,U,GT3,T,3,3,services,services,other,mother,2,2,0,0,1,0,0,1,1,1,1,4,3,2,1,3,3,0,10.666666666666666
363,MS,F,17,U,LE3,T,4,4,at_home,at_home,course,mother,1,2,0,0,1,1,1,1,1,1,1,2,3,4,1,1,1,0,15.333333333333334
364,MS,F,17,R,GT3,T,1,2,other,services,course,father,2,2,0,0,0,0,0,0,1,0,0,3,2,2,1,2,3,0,11.666666666666666
365,MS,M,18,R,GT3,T,1,3,at_home,other,course,mother,2,2,0,0,1,1,0,1,1,0,0,3,3,4,2,4,3,4,10.0
366,MS,M,18,U,LE3,T,4,4,teacher,services,other,mother,2,3,0,0,0,1,0,1,1,1,1,4,2,2,2,2,5,0,13.0
367,MS,F,17,R,GT3,T,1,1,other,services,reputation,mother,3,1,1,0,1,1,0,1,1,1,1,5,2,1,1,2,1,0,4.333333333333333
368,MS,F,18,U,GT3,T,2,3,at_home,services,course,father,2,1,0,0,1,1,0,1,1,1,1,5,2,3,1,2,4,0,10.333333333333334
369,MS,F,18,R,GT3,T,4,4,other,teacher,other,father,3,2,0,0,1,1,0,0,1,1,1,3,2,2,4,2,5,10,12.333333333333334
370,MS,F,19,U,LE3,T,3,2,services,services,home,other,2,2,2,0,0,0,1,1,1,0,1,3,2,2,1,1,3,4,7.666666666666667
371,MS,M,18,R,LE3,T,1,2,at_home,services,other,father,3,1,0,0,1,1,1,1,0,1,1,4,3,3,2,3,3,3,12.666666666666666
372,MS,F,17,U,GT3,T,2,2,other,at_home,home,mother,1,3,0,0,0,0,1,1,1,0,1,3,4,3,1,1,3,8,11.666666666666666
373,MS,F,17,R,GT3,T,1,2,other,other,course,mother,1,1,0,0,0,0,1,1,1,1,0,3,5,5,1,3,1,14,5.333333333333333
374,MS,F,18,R,LE3,T,4,4,other,other,reputation,mother,2,3,0,0,0,0,0,1,1,1,0,5,4,4,1,1,1,0,18.666666666666668
375,MS,F,18,R,GT3,T,1,1,other,other,home,mother,4,3,0,0,0,0,0,1,1,1,0,4,3,2,1,2,4,2,8.666666666666666
376,MS,F,20,U,GT3,T,4,2,health,other,course,other,2,3,2,0,1,1,0,0,1,1,1,5,4,3,1,1,3,4,14.666666666666666
377,MS,F,18,R,LE3,T,4,4,teacher,services,course,mother,1,2,0,0,0,1,1,1,1,1,0,5,4,3,3,4,2,4,9.0
378,MS,F,18,U,GT3,T,3,3,other,other,home,mother,1,2,0,0,0,1,0,1,1,1,1,4,1,3,1,2,1,0,15.0
379,MS,F,17,R,GT3,T,3,1,at_home,other,reputation,mother,1,2,0,0,1,1,1,0,1,1,0,4,5,4,2,3,1,17,10.0
380,MS,M,18,U,GT3,T,4,4,teacher,teacher,home,father,1,2,0,0,0,1,1,0,1,1,0,3,2,4,1,4,2,4,14.333333333333334
381,MS,M,18,R,GT3,T,2,1,other,other,other,mother,2,1,0,0,0,0,1,0,1,1,1,4,4,3,1,3,5,5,6.666666666666667
382,MS,M,17,U,GT3,T,2,3,other,services,home,father,2,2,0,0,0,0,1,1,1,1,0,4,4,3,1,1,3,2,10.666666666666666
383,MS,M,19,R,GT3,T,1,1,other,services,other,mother,2,1,1,0,0,0,0,1,1,0,0,4,3,2,1,3,5,0,3.6666666666666665
384,MS,M,18,R,GT3,T,4,2,other,other,home,father,2,1,1,0,0,1,0,1,1,0,0,5,4,3,4,3,3,14,5.333333333333333
385,MS,F,18,R,GT3,T,2,2,at_home,other,other,mother,2,3,0,0,0,1,0,1,1,0,0,5,3,3,1,3,4,2,9.666666666666666
386,MS,F,18,R,GT3,T,4,4,teacher,at_home,reputation,mother,3,1,0,0,1,1,1,1,1,1,1,4,4,3,2,2,5,7,5.666666666666667
387,MS,F,19,R,GT3,T,2,3,services,other,course,mother,1,3,1,0,0,0,1,0,1,1,0,5,4,2,1,2,5,0,4.0
388,MS,F,18,U,LE3,T,3,1,teacher,services,course,mother,1,2,0,0,1,1,0,1,1,1,0,4,3,4,1,1,1,0,8.0
389,MS,F,18,U,GT3,T,1,1,other,other,course,mother,2,2,1,0,0,0,1,1,1,0,0,1,1,1,1,1,5,0,3.6666666666666665
390,MS,M,20,U,LE3,A,2,2,services,services,course,other,1,2,2,0,1,1,0,1,1,0,0,5,5,4,4,5,4,11,9.0
391,MS,M,17,U,LE3,T,3,1,services,services,course,mother,2,1,0,0,0,0,0,0,1,1,0,2,4,5,3,4,2,3,15.333333333333334
392,MS,M,21,R,GT3,T,1,1,other,other,course,other,1,1,3,0,0,0,0,0,1,0,0,5,5,3,3,3,3,3,8.333333333333334
393,MS,M,18,R,LE3,T,3,2,services,other,course,mother,3,1,0,0,0,0,0,0,1,1,0,4,4,1,3,4,5,0,11.0
394,MS,M,19,U,LE3,T,1,1,other,at_home,course,father,1,1,0,0,0,0,0,1,1,1,0,3,2,3,3,3,5,5,8.666666666666666
